{
"clustering coefficients": {
"7": 1.0,
"2": 0.24444444444444444,
"26": 1.0,
"30": 0.5,
"12": 1.0,
"32": 0.19696969696969696,
"3": 0.6666666666666666,
"16": 1.0,
"0": 0.15,
"23": 0.4,
"11": 0,
"25": 0.3333333333333333,
"8": 0.5,
"15": 1.0,
"21": 1.0,
"24": 0.3333333333333333,
"18": 1.0,
"33": 0.11029411764705882,
"1": 0.3333333333333333,
"31": 0.2,
"22": 1.0,
"20": 1.0,
"27": 0.16666666666666666,
"9": 0,
"5": 0.5,
"4": 0.6666666666666666,
"14": 1.0,
"10": 0.6666666666666666,
"29": 0.6666666666666666,
"19": 0.3333333333333333,
"28": 0.3333333333333333,
"6": 0.5,
"17": 1.0,
"13": 0.6
},
"neighborhood overlap": {
"2-27": 0.0,
"25-31": 0.125,
"33-9": 0.0,
"1-17": 0.1,
"7-0": 0.17647058823529413,
"16-6": 0.2,
"14-32": 0.07692307692307693,
"23-32": 0.13333333333333333,
"33-13": 0.0,
"12-3": 0.14285714285714285,
"15-33": 0.05555555555555555,
"2-1": 0.26666666666666666,
"3-13": 0.375,
"0-11": 0.0,
"2-32": 0.047619047619047616,
"0-19": 0.05555555555555555,
"14-33": 0.05555555555555555,
"0-17": 0.058823529411764705,
"0-13": 0.16666666666666666,
"21-1": 0.1,
"0-1": 0.3888888888888889,
"0-31": 0.0,
"33-31": 0.09523809523809523,
"3-1": 0.36363636363636365,
"30-32": 0.14285714285714285,
"33-20": 0.05555555555555555,
"0-21": 0.058823529411764705,
"2-0": 0.23809523809523808,
"23-33": 0.15789473684210525,
"0-4": 0.11764705882352941,
"32-29": 0.14285714285714285,
"32-18": 0.07692307692307693,
"0-5": 0.1111111111111111,
"7-1": 0.3,
"16-5": 0.2,
"2-8": 0.15384615384615385,
"32-20": 0.07692307692307693,
"30-1": 0.0,
"1-13": 0.2727272727272727,
"33-29": 0.16666666666666666,
"4-6": 0.16666666666666666,
"32-15": 0.07692307692307693,
"32-31": 0.058823529411764705,
"1-19": 0.09090909090909091,
"30-8": 0.2857142857142857,
"2-3": 0.3333333333333333,
"18-33": 0.05555555555555555,
"23-25": 0.0,
"2-13": 0.25,
"2-9": 0.0,
"0-10": 0.11764705882352941,
"12-0": 0.058823529411764705,
"24-27": 0.0,
"31-28": 0.125,
"33-27": 0.05,
"26-29": 0.2,
"32-22": 0.07692307692307693,
"7-2": 0.2727272727272727,
"0-8": 0.05,
"23-27": 0.125,
"26-33": 0.05555555555555555,
"5-6": 0.3333333333333333,
"25-24": 0.2,
"23-29": 0.2857142857142857,
"8-33": 0.1,
"2-28": 0.0,
"24-31": 0.125,
"4-10": 0.2,
"7-3": 0.42857142857142855,
"32-33": 0.5263157894736842,
"33-22": 0.05555555555555555,
"5-10": 0.16666666666666666,
"32-8": 0.21428571428571427,
"3-0": 0.29411764705882354,
"0-6": 0.1111111111111111,
"33-19": 0.0,
"33-28": 0.05263157894736842,
"30-33": 0.10526315789473684
},
"target set": {
"60th Percentile": [
"18",
"26",
"24",
"22",
"12",
"29",
"15",
"16",
"25",
"6",
"9",
"20",
"14",
"4",
"10",
"28",
"19",
"11",
"17",
"21"
],
"Median": [
"18",
"26",
"24",
"22",
"12",
"15",
"16",
"9",
"20",
"14",
"10",
"11",
"17",
"21"
],
"70th Percentile": [
"27",
"29",
"16",
"4",
"15",
"25",
"24",
"22",
"9",
"20",
"14",
"11",
"17",
"7",
"26",
"30",
"12",
"21",
"18",
"5",
"28",
"10",
"6",
"19"
]
},
"hits": {
"hub": {
"7": 0.034343167206797434,
"2": 0.06371906453963268,
"26": 0.015182734341447207,
"30": 0.03510623798827734,
"12": 0.01692545078543599,
"32": 0.062001846474639855,
"3": 0.04242273710428977,
"16": 0.004748031841562519,
"4": 0.015260959698152658,
"0": 0.07141272875773574,
"23": 0.030156497528902444,
"11": 0.01061789150852051,
"25": 0.011893664396093679,
"8": 0.04568192513080631,
"15": 0.020370345842716072,
"21": 0.01856163703190736,
"24": 0.011460952230139865,
"18": 0.020370345842716072,
"33": 0.0750029421463428,
"1": 0.05342723120517262,
"31": 0.03837574188047833,
"22": 0.020370345842716072,
"27": 0.026813494127083625,
"9": 0.020625667757182622,
"5": 0.01596691349441855,
"20": 0.020370345842716072,
"28": 0.026331505783375297,
"10": 0.015260959698152658,
"29": 0.027111539646424865,
"19": 0.02971333389111539,
"14": 0.020370345842716072,
"6": 0.01596691349441855,
"17": 0.01856163703190736,
"13": 0.04549486406600547
},
"authorities": {
"7": 0.03434316719678569,
"2": 0.06371906455587137,
"26": 0.01518273433617212,
"30": 0.03510623797808331,
"12": 0.016925450777611126,
"32": 0.062001846535505625,
"3": 0.04242273710611525,
"16": 0.004748031844529443,
"4": 0.015260959692251752,
"0": 0.07141272880870857,
"23": 0.03015649752213886,
"11": 0.010617891499780777,
"25": 0.011893664411194165,
"8": 0.045681925113766134,
"15": 0.020370345827057046,
"21": 0.018561637020091358,
"24": 0.011460952243147787,
"18": 0.020370345827057046,
"33": 0.07500294224371071,
"1": 0.05342723122870401,
"31": 0.038375741856463086,
"22": 0.020370345827057046,
"27": 0.026813494122100583,
"9": 0.02062566774700425,
"5": 0.015966913487697857,
"20": 0.020370345827057046,
"28": 0.02633150578310208,
"10": 0.015260959692251752,
"29": 0.027111539640980658,
"19": 0.02971333386823162,
"14": 0.020370345827057046,
"6": 0.015966913487697857,
"17": 0.018561637020091358,
"13": 0.04549486404492596
}
},
"properties": {
"Connected": true,
"Communities count": 4,
"Average Clustering": 0.5706384782076823,
"Self Loops": 0,
"Max Degree Id": "33",
"70th Percentile": 5.0,
"Min Degree Id": "11",
"Diameter": 5,
"Degree variance": 14.595155709342558,
"Edges": 78,
"Centered nodes": [
"2",
"3",
"0",
"8",
"1",
"31",
"19",
"13"
],
"Min Degree": 1,
"Nodes": 34,
"Median": 3.0,
"Radius": 3,
"Max Degree": 17,
"60th Percentile": 4.0,
"Type": "Undirected",
"Avg Degree": 4.588235294117647
},
"local bridges": [
[
"2",
"9"
],
[
"2",
"27"
],
[
"2",
"28"
],
[
"30",
"1"
],
[
"23",
"25"
],
[
"0",
"31"
],
[
"0",
"11"
],
[
"24",
"27"
],
[
"33",
"9"
],
[
"33",
"13"
],
[
"33",
"19"
]
],
"communities": {
"23": 3,
"27": 3,
"29": 1,
"3": 0,
"16": 2,
"0": 0,
"4": 2,
"25": 3,
"15": 1,
"24": 3,
"22": 1,
"9": 1,
"20": 1,
"14": 1,
"11": 0,
"17": 0,
"10": 2,
"7": 0,
"2": 0,
"26": 1,
"30": 1,
"12": 0,
"32": 1,
"8": 1,
"21": 0,
"18": 1,
"33": 1,
"1": 0,
"31": 3,
"5": 2,
"28": 3,
"13": 0,
"6": 2,
"19": 0
},
"bridges": [
[
"0",
"11"
]
],
"connected components": [
[
"23",
"27",
"29",
"3",
"16",
"0",
"4",
"25",
"15",
"24",
"22",
"9",
"20",
"14",
"11",
"17",
"7",
"2",
"26",
"30",
"12",
"32",
"8",
"21",
"18",
"33",
"1",
"31",
"5",
"28",
"13",
"10",
"6",
"19"
]
],
"pagerank": {
"7": 0.024490758039509182,
"2": 0.057078423047636745,
"26": 0.015043395360629755,
"30": 0.02458933653429248,
"12": 0.014645186487916193,
"32": 0.07169213006588289,
"3": 0.0358606432230648,
"16": 0.016785378110253487,
"0": 0.09700181758983709,
"23": 0.03152091531163228,
"25": 0.021005628174745786,
"8": 0.02976533918616703,
"15": 0.014535161524273827,
"21": 0.014558859774243493,
"24": 0.021075455001162945,
"18": 0.014535161524273827,
"33": 0.10091791674871212,
"1": 0.05287839103742701,
"31": 0.03715663592267942,
"22": 0.014535161524273827,
"20": 0.014535161524273827,
"27": 0.0256388035283505,
"9": 0.014308950284462801,
"14": 0.014535161524273827,
"5": 0.029113341663442212,
"4": 0.021979406974834498,
"28": 0.01957296050943854,
"13": 0.029536314977202986,
"29": 0.026287262837112083,
"19": 0.019604416711937297,
"11": 0.009564916863537148,
"6": 0.029113341663442212,
"17": 0.014558859774243493,
"10": 0.0219794069748345
}
}